1,./aligned-images/will-smith/willsmithyoung.jpg68.jpg
1,./aligned-images/will-smith/smith4.jpg71.jpg
1,./aligned-images/will-smith/fesf.jpeg
1,./aligned-images/will-smith/fesf.jpeg81.jpg
1,./aligned-images/will-smith/smith2.jpg75.jpg
1,./aligned-images/will-smith/willsmithyoung.jpg67.jpg
1,./aligned-images/will-smith/smith4.jpg72.jpg
1,./aligned-images/will-smith/fdsfef.jpeg70.jpg
1,./aligned-images/will-smith/smith5.jpeg64.jpg
1,./aligned-images/will-smith/fdfdfseh1.jpg
1,./aligned-images/will-smith/fdfdfseh1.jpg66.jpg
1,./aligned-images/will-smith/smith1.jpg73.jpg
1,./aligned-images/will-smith/smith5.jpeg
1,./aligned-images/will-smith/fdsfef.jpeg
1,./aligned-images/will-smith/smith3.jpg
1,./aligned-images/will-smith/smith4.jpg
1,./aligned-images/will-smith/smith2.jpg
1,./aligned-images/will-smith/smith-test.jpeg80.jpg
1,./aligned-images/will-smith/smith3.jpg77.jpg
1,./aligned-images/will-smith/smith5.jpeg63.jpg
1,./aligned-images/will-smith/smith1.jpg74.jpg
1,./aligned-images/will-smith/willsmithyoung.jpg
1,./aligned-images/will-smith/smith2.jpg76.jpg
1,./aligned-images/will-smith/smith3.jpg78.jpg
1,./aligned-images/will-smith/smith-test.jpeg79.jpg
1,./aligned-images/will-smith/smith-test.jpeg
1,./aligned-images/will-smith/fdfdfseh1.jpg65.jpg
1,./aligned-images/will-smith/smith1.jpg
1,./aligned-images/will-smith/fdsfef.jpeg69.jpg
1,./aligned-images/will-smith/fesf.jpeg82.jpg
2,./aligned-images/amy-adams/fsdfsews.jpeg
2,./aligned-images/amy-adams/5379.jpg
2,./aligned-images/amy-adams/amy2.jpg1.jpg19.jpg
2,./aligned-images/amy-adams/19-amy-adams.w750.h560.2x.jpg
2,./aligned-images/amy-adams/amyadams-750x380.jpg9.jpg
2,./aligned-images/amy-adams/amy-adams-true-american.jpg12.jpg
2,./aligned-images/amy-adams/5379.jpg16.jpg
2,./aligned-images/amy-adams/19-amy-adams.w750.h560.2x.jpg7.jpg
2,./aligned-images/amy-adams/amy-adams-true-american.jpg11.jpg
2,./aligned-images/amy-adams/amy-adams-2000x1333.jpg
2,./aligned-images/amy-adams/amy2.jpg2.jpg
2,./aligned-images/amy-adams/amy-adams-2000x1333.jpg4.jpg
2,./aligned-images/amy-adams/amy-adams-true-american.jpg
2,./aligned-images/amy-adams/fsdfsews.jpeg17.jpg
2,./aligned-images/amy-adams/fgdf.jpeg
2,./aligned-images/amy-adams/fgdf.jpeg21.jpg
2,./aligned-images/amy-adams/amy-adams-2000x1333.jpg3.jpg
2,./aligned-images/amy-adams/amy.jpeg13.jpg
2,./aligned-images/amy-adams/amyadams-750x380.jpg
2,./aligned-images/amy-adams/amy.jpeg
2,./aligned-images/amy-adams/5379.jpg15.jpg
2,./aligned-images/amy-adams/19-amy-adams.w750.h560.2x.jpg8.jpg
2,./aligned-images/amy-adams/amy2.jpg
2,./aligned-images/amy-adams/amy2.jpg1.jpg20.jpg
2,./aligned-images/amy-adams/amy.jpeg14.jpg
2,./aligned-images/amy-adams/amyadams-750x380.jpg10.jpg
2,./aligned-images/amy-adams/fdsfse.jpeg6.jpg
2,./aligned-images/amy-adams/amy2.jpg1.jpg
2,./aligned-images/amy-adams/fdsfse.jpeg5.jpg
2,./aligned-images/amy-adams/fgdf.jpeg22.jpg
2,./aligned-images/amy-adams/fdsfse.jpeg
2,./aligned-images/amy-adams/fsdfsews.jpeg18.jpg
3,./aligned-images/lionel-messi/fesefaw.jpg33.jpg
3,./aligned-images/lionel-messi/dfsfesa.jpg40.jpg
3,./aligned-images/lionel-messi/fedfe.jpg
3,./aligned-images/lionel-messi/fesefaw.jpg34.jpg
3,./aligned-images/lionel-messi/sdfd.jpeg36.jpg
3,./aligned-images/lionel-messi/lionel-messi-cropped_wvosiiy44-1.jpg
3,./aligned-images/lionel-messi/fefdfe.jpg41.jpg
3,./aligned-images/lionel-messi/dfefs.jpg
3,./aligned-images/lionel-messi/dfefs.jpg32.jpg
3,./aligned-images/lionel-messi/GettyImages-923843328.jpg
3,./aligned-images/lionel-messi/fefdfe.jpg42.jpg
3,./aligned-images/lionel-messi/fedfe.jpg29.jpg
3,./aligned-images/lionel-messi/lionel-messi-cropped_wvosiiy44-1.jpg27.jpg
3,./aligned-images/lionel-messi/fdfefs.jpg
3,./aligned-images/lionel-messi/dfefs.jpg31.jpg
3,./aligned-images/lionel-messi/sdfd.jpeg35.jpg
3,./aligned-images/lionel-messi/fefdfe.jpg
3,./aligned-images/lionel-messi/GettyImages-923843328.jpg37.jpg
3,./aligned-images/lionel-messi/fdfse3.jpg
3,./aligned-images/lionel-messi/sdfd.jpeg
3,./aligned-images/lionel-messi/fdfefs.jpg25.jpg
3,./aligned-images/lionel-messi/fdfse3.jpg24.jpg
3,./aligned-images/lionel-messi/dfsfesa.jpg39.jpg
3,./aligned-images/lionel-messi/fdfse3.jpg23.jpg
3,./aligned-images/lionel-messi/fedfe.jpg30.jpg
3,./aligned-images/lionel-messi/fesefaw.jpg
3,./aligned-images/lionel-messi/fdfefs.jpg26.jpg
3,./aligned-images/lionel-messi/GettyImages-923843328.jpg38.jpg
3,./aligned-images/lionel-messi/dfsfesa.jpg
3,./aligned-images/lionel-messi/lionel-messi-cropped_wvosiiy44-1.jpg28.jpg
4,./aligned-images/will-ferrel/will-ferrell-9542601-1-402.jpg
4,./aligned-images/will-ferrel/ferrel3.jpg62.jpg
4,./aligned-images/will-ferrel/ferrel5.jpg50.jpg
4,./aligned-images/will-ferrel/ferrel4.jpg52.jpg
4,./aligned-images/will-ferrel/will-ferrell.jpg53.jpg
4,./aligned-images/will-ferrel/will-ferrell-9542601-1-402.jpg58.jpg
4,./aligned-images/will-ferrel/ferrel1.jpg45.jpg
4,./aligned-images/will-ferrel/fefs.jpeg
4,./aligned-images/will-ferrel/ferrel3.jpg
4,./aligned-images/will-ferrel/will-ferrell.jpg
4,./aligned-images/will-ferrel/ferrel3.jpg61.jpg
4,./aligned-images/will-ferrel/ferrel2.jpg56.jpg
4,./aligned-images/will-ferrel/ferrel5.jpg
4,./aligned-images/will-ferrel/dfszxc.jpeg44.jpg
4,./aligned-images/will-ferrel/fefs.jpeg47.jpg
4,./aligned-images/will-ferrel/dfszxc.jpeg
4,./aligned-images/will-ferrel/will-ferrell.jpg54.jpg
4,./aligned-images/will-ferrel/ferreltest.jpg
4,./aligned-images/will-ferrel/ferrel4.jpg51.jpg
4,./aligned-images/will-ferrel/ferreltest.jpg60.jpg
4,./aligned-images/will-ferrel/dfszxc.jpeg43.jpg
4,./aligned-images/will-ferrel/ferrel5.jpg49.jpg
4,./aligned-images/will-ferrel/fefs.jpeg48.jpg
4,./aligned-images/will-ferrel/ferrel2.jpg
4,./aligned-images/will-ferrel/ferreltest.jpg59.jpg
4,./aligned-images/will-ferrel/ferrel2.jpg55.jpg
4,./aligned-images/will-ferrel/ferrel4.jpg
4,./aligned-images/will-ferrel/will-ferrell-9542601-1-402.jpg57.jpg
4,./aligned-images/will-ferrel/ferrel1.jpg
4,./aligned-images/will-ferrel/ferrel1.jpg46.jpg
